{
  "project_info": {
    "project_number": "92415824446",
    "firebase_url": "https://quest-1d805.firebaseio.com",
    "project_id": "quest-1d805",
    "storage_bucket": "quest-1d805.appspot.com"
  },
  "client": [
    {
      "client_info": {
        "mobilesdk_app_id": "1:92415824446:android:1a3237f68c6a4bb7",
        "android_client_info": {
          "package_name": "com.tanvir.quest"
        }
      },
      "oauth_client": [
        {
          "client_id": "92415824446-ajd060vh10kvupfufqrs7n6lv5fu9jl4.apps.googleusercontent.com",
          "client_type": 1,
          "android_info": {
            "package_name": "com.tanvir.quest",
            "certificate_hash": "2a64f6d1e7550a4037637b640766419cdb8a340e"
          }
        },
        {
          "client_id": "92415824446-9r11jvkm4ae7sc1iek2aooo6qm0im5qr.apps.googleusercontent.com",
          "client_type": 3
        }
      ],
      "api_key": [
        {
          "current_key": "AIzaSyAYTqn7Xfan-TjlMLpjii19171SWqIkseE"
        }
      ],
      "services": {
        "analytics_service": {
          "status": 1
        },
        "appinvite_service": {
          "status": 2,
          "other_platform_oauth_client": [
            {
              "client_id": "92415824446-9r11jvkm4ae7sc1iek2aooo6qm0im5qr.apps.googleusercontent.com",
              "client_type": 3
            }
          ]
        },
        "ads_service": {
          "status": 2
        }
      }
    }
  ],
  "configuration_version": "1"
}